{
  "type": "mysticalagriculture:infusion",
  "input": {
    "item": "minecraft:tinted_glass"
  },
  "ingredients": [
    {
      "tag": "forge:dusts/obsidian"
    },
    {
      "item": "minecraft:wither_skeleton_skull"
    },
    {
      "tag": "forge:dusts/obsidian"
    },
    {
      "item": "minecraft:wither_skeleton_skull"
    },
    {
      "tag": "forge:dusts/obsidian"
    },
    {
      "item": "minecraft:wither_skeleton_skull"
    },
    {
      "tag": "forge:dusts/obsidian"
    },
    {
      "item": "minecraft:wither_skeleton_skull"
    }
  ],
  "result": {
    "item": "mob_grinding_utils:tinted_glass"
  }
}