{
  "type": "extendedcrafting:shaped_table",
  "pattern": [
    "ABCBA",
    "BDEDB",
    "CEFEC",
    "BDEDB",
    "ABCBA"
  ],
  "key": {
    "A": {
      "item": "minecraft:black_concrete"
    },
    "B": {
      "item": "mysticalagradditions:creative_essence"
    },
    "C": {
      "item": "mekanism:energy_tablet"
    },
    "D": {
      "item": "mekanism:ultimate_energy_cube"
    },
    "E": {
      "item": "extendedcrafting:the_ultimate_block"
    },
    "F": {
      "item": "extendedcrafting:ultimate_singularity"
    }
  },
  "result": {
    "item": "mekanism:creative_energy_cube"
  }
}