{
  "type": "exnihilosequentia:sieve",
  "input": {
    "item": "minecraft:soul_sand"
  },
  "result": {
    "item": "minecraft:quartz"
  },
  "rolls": [
    {
      "chance": 1.0,
      "mesh": "flint"
    },
    {
      "chance": 0.33,
      "mesh": "flint"
    },
    {
      "chance": 1.0,
      "mesh": "iron"
    },
    {
      "chance": 0.5,
      "mesh": "iron"
    },
    {
      "chance": 1.0,
      "mesh": "diamond"
    },
    {
      "chance": 0.8,
      "mesh": "diamond"
    },
    {
      "chance": 1.0,
      "mesh": "emerald"
    },
    {
      "chance": 1.0,
      "mesh": "emerald"
    },
    {
      "chance": 1.0,
      "mesh": "netherite"
    },
    {
      "chance": 1.0,
      "mesh": "netherite"
    },
    {
      "chance": 0.25,
      "mesh": "netherite"
    }
  ]
}