{
    "type": "exnihilosequentia:sieve",
    "input": {
        "item": "minecraft:sand"

    },
    "result": {
        "item": "minecraft:prismarine_shard"
    },
    "rolls": [
        {
            "chance": 0.01,
            "mesh": "string"
        },
        {
            "chance": 0.02,
            "mesh": "flint"
        },
        {
            "chance": 0.06,
            "mesh": "iron"
        },
        {
            "chance": 0.09,
            "mesh": "diamond"
        },
        {
            "chance": 0.12,
            "mesh": "emerald"
        },
        {
            "chance": 0.25,
            "mesh": "netherite"
        }
    ],
    "waterlogged": true 
}