{
  "type": "exnihilosequentia:sieve",
  "input": {
    "item": "minecraft:oak_leaves"
  },
  "result": {
    "item": "minecraft:oak_sapling"
  },
  "rolls": [
    {
      "chance": 0.05,
      "mesh": "string"
    },
    {
      "chance": 0.1,
      "mesh": "flint"
    },
    {
      "chance": 0.15,
      "mesh": "iron"
    },
    {
      "chance": 0.2,
      "mesh": "diamond"
    },
    {
      "chance": 0.2,
      "mesh": "emerald"
    },
    {
      "chance": 0.2,
      "mesh": "netherite"
    }
  ]
}