{
    "type": "exnihilosequentia:sieve",
    "input": {
        "item": "minecraft:gravel"
    },
    "result": {
        "item": "exnihilosequentia:gold_pieces"
    },
    "rolls": [
       
        {
            "chance": 0.01,
            "mesh": "iron"
        },
        {
            "chance": 0.02,
            "mesh": "diamond"
        },
        {
            "chance": 0.04,
            "mesh": "emerald"
        },
        {
            "chance": 0.05,
            "mesh": "netherite"
        }
    ]
}