{
  "type": "exnihilosequentia:sieve",
  "input": {
    "item": "minecraft:sand"
  },
  "result": {
    "item": "minecraft:cocoa_beans"
  },
  "rolls": [
    {
      "chance": 0.03,
      "mesh": "string"
    },
    {
      "chance": 0.04,
      "mesh": "flint"
    },
    {
      "chance": 0.05,
      "mesh": "iron"
    },
    {
      "chance": 0.06,
      "mesh": "diamond"
    },
    {
      "chance": 0.08,
      "mesh": "emerald"
    },
    {
      "chance": 0.1,
      "mesh": "netherite"
    }
  ]
}