{
  "type": "exnihilosequentia:sieve",
  "input": {
    "tag": "minecraft:leaves"
  },
  "result": {
    "item": "minecraft:golden_apple"
  },
  "rolls": [
    {
      "chance": 0.001,
      "mesh": "string"
    },
    {
      "chance": 0.003,
      "mesh": "flint"
    },
    {
      "chance": 0.005,
      "mesh": "iron"
    },
    {
      "chance": 0.01,
      "mesh": "diamond"
    },
    {
      "chance": 0.015,
      "mesh": "emerald"
    },
    {
      "chance": 0.02,
      "mesh": "netherite"
    }
  ]
}