{
    "type": "exnihilosequentia:sieve",
    "input": {
        "item": "minecraft:gravel"
    },
    "result": {
        "item": "exnihilosequentia:iron_pieces"
    },
    "rolls": [
        {
            "chance": 1.0,
            "mesh": "flint"
        },
        {
            "chance": 1.0,
            "mesh": "iron"
        },
        {
            "chance": 1.0,
            "mesh": "diamond"
        },
        {
            "chance": 1.0,
            "mesh": "emerald"
        },
        {
            "chance": 1.0,
            "mesh": "netherite"
        }
    ]
}