{
  "type": "extendedcrafting:shaped_table",
  "result": {
    "item": "avaritia:infinity_armor_leggings"
  },
  "pattern": [
    "NNNNNNNNN",
    "NIIIXIIIN",
    "NINNXNNIN",
    "NIN   NIN",
    "NCN   NCN",
    "NIN   NIN",
    "NIN   NIN",
    "NIN   NIN",
    "NNN   NNN"
  ],
  "key": {
    "N": {
      "item": "avaritia:neutronium_ingot"
    },
    "I": {
      "item": "avaritia:infinity_ingot"
    },
    "C": {
      "item": "avaritia:crystal_matrix"
    },
    "X": {
      "item": "avaritia:infinity_catalyst"
    }
  }
}