{
  "type": "extendedcrafting:shaped_table",
  "result": {
    "item": "avaritia:neutron_collector"
  },
  "pattern": [
    "IIQQQQQII",
    "I QQQQQ I",
    "I  RRR  I",
    "X RRRRR X",
    "I RRXRR I",
    "X RRRRR X",
    "I  RRR  I",
    "I       I",
    "IIIXIXIII"
  ],
  "key": {
    "I": {
      "tag": "forge:storage_blocks/iron"
    },
    "X": {
      "item": "avaritia:crystal_matrix_ingot"
    },
    "R": {
      "tag": "forge:storage_blocks/redstone"
    },
    "Q": {
      "tag": "forge:storage_blocks/quartz"
    }
  }
}