{
  "type": "extendedcrafting:shaped_table",
  "pattern": [
    "AAABBBAAA",
    "ACDEEEDCA",
    "ADFGGGFDA",
    "BEGHIHGEB",
    "BEGJKJGEB",
    "BEGHIHGEB",
    "ADFGGGFDA",
    "ACDEEEDCA",
    "AAABBBAAA"
  ],
  "key": {
    "A": {
      "item": "mekanism:steel_casing"
    },
    "B": {
      "item": "mekanism:structural_glass"
    },
    "C": {
      "item": "mysticalagradditions:creative_essence"
    },
    "D": {
      "item": "extendedcrafting:the_ultimate_catalyst"
    },
    "E": {
      "item": "extendedcrafting:the_ultimate_component"
    },
    "F": {
      "item": "extendedcrafting:the_ultimate_block"
    },
    "G": {
      "item": "mekanism:ultimate_control_circuit"
    },
    "H": {
      "item": "extendedcrafting:ultimate_singularity"
    },
    "I": {
      "item": "mekanism:creative_fluid_tank"
    },
    "J": {
      "item": "cyclic:battery_infinite"
    },
    "K": {
      "item": "mekanism:creative_energy_cube"
    }
  },
  "result": {
    "type": "forge:nbt",
    "item": "mekanism:creative_energy_cube",
    "count": 1,
    "nbt": "{mekData:{EnergyContainers:[{Container:0b,stored:\"18446744073709551615.9999\"}]}}"
  }
}