{
  "name": "invar",
  "disable": true,
  "tier": 3,
  "color": "a4b2a9",
  "armorPoints": 3,
  "enchantability": 15,
  "craftingMaterial": "tag:forge:ingots/invar",
  "creative": false,
  "rarity": 0,
  "toughness": 0.0,
  "knockbackResistance": 0.0,
  "curios": true,
  "capacity": 12000000,
  "usage": 350,
  "speedVertical": 0.61,
  "accelVertical": 0.13,
  "speedSideways": 0.15,
  "speedHoverAscend": 0.34,
  "speedHoverDescend": 0.25,
  "speedHover": 0.03,
  "sprintSpeedMulti": 1.5,
  "sprintSpeedMultiVertical": 1.25,
  "sprintFuelMulti": 3.2
}