{
  "general": {
    "allow": "Allows the general spawning of pebbles.",
    "value": true,
    "shoot": "Set the shoot speed of the pebbles.",
    "shoot_speed": 2.5,
    "dropchance": "sets the drop chance to balanced or unbalanced (if unbalanced stone and netherrack -pebbles has the highest drop chance)",
    "chance": "unbalanced"
  },
  "block": {
    "allow": "Sets the block where pebbles can spawn.",
    "surface": "minecraft:dirt",
    "nether": "minecraft:nylium"
  },
  "dimension": {
    "allow spawn over zero": "Allows the spawning of deepslate pebbles and dripstone pebbles over 0.",
    "value": false,
    "surface": "Allows the spawning of basalt, blackstone and netherrack -pebbles on surface.",
    "surface_spawn": false,
    "nether": "Allows the spawning of stone, andesite, diorite, granite -pebbles and sticks in the nether.",
    "nether_spawn": false
  },
  "stone": {
    "allow": "Allows the spawning of stone pebbles.",
    "value": true
  },
  "andesite": {
    "allow": "Allows the spawning of andesite pebbles.",
    "value": true
  },
  "diorite": {
    "allow": "Allows the spawning of diorite pebbles.",
    "value": true
  },
  "granite": {
    "allow": "Allows the spawning of granite pebbles.",
    "value": true
  },
  "basalt": {
    "allow": "Allows the spawning of basalt pebbles.",
    "value": true
  },
  "blackstone": {
    "allow": "Allows the spawning of blackstone pebbles.",
    "value": true
  },
  "calcite": {
    "allow": "Allows the spawning of calcite pebbles.",
    "value": true
  },
  "dripstone": {
    "allow": "Allows the spawning of dripstone pebbles.",
    "value": true
  },
  "netherrack": {
    "allow": "Allows the spawning of netherrack pebbles.",
    "value": true
  },
  "tuff": {
    "allow": "Allows the spawning of tuff pebbles.",
    "value": true
  },
  "deepslate": {
    "allow": "Allows the spawning of deepslate pebbles.",
    "value": true
  },
  "sticks": {
    "allow": "Allows the spawning of sticks.",
    "value": false
  }
}