{
    "type": "exnihilosequentia:sieve",
    "input": {
        "item": "minecraft:sand"
    },
    "result": {
        "item": "exnihilosequentia:uranium_pieces"
    },
    "rolls": [
       
        {
            "chance": 0.03,
            "mesh": "iron"
        },
        {
            "chance": 0.05,
            "mesh": "diamond"
        },
        {
            "chance": 0.07,
            "mesh": "emerald"
        },
        {
            "chance": 0.1,
            "mesh": "netherite"
        }
    ],
    "waterlogged": true
}