{
    "type": "exnihilosequentia:sieve",
    "input": {
        "item": "minecraft:sand"
    },
    "result": {
        "item": "minecraft:prismarine_crystals"
    },
    "rolls": [
        {
            "chance": 0.04,
            "mesh": "iron"
        },
        {
            "chance": 0.07,
            "mesh": "diamond"
        },
        {
            "chance": 0.09,
            "mesh": "emerald"
        },
        {
            "chance": 0.12,
            "mesh": "netherite"
        }
    ],
    "waterlogged": true
}