{
  "type": "extendedcrafting:shaped_table",
  "pattern": [
    "ABACCCABA",
    "BDEDFDEDB",
    "AEGHIHGEA",
    "CDHJKJHDC",
    "CFILKLIFC",
    "CDHJKJHDC",
    "AEGHIHGEA",
    "BDEDFDEDB",
    "ABACCCABA"
  ],
  "key": {
    "A": {
      "item": "bigreactors:reinforced_reactorcasing"
    },
    "B": {
      "item": "minecraft:blue_dye"
    },
    "C": {
      "item": "mysticalagradditions:creative_essence"
    },
    "D": {
      "item": "mysticalagriculture:fertilized_essence"
    },
    "E": {
      "item": "mysticalagradditions:insanium_farmland"
    },
    "F": {
      "item": "bigreactors:reinforced_reactorfluidport_forge_passive"
    },
    "G": {
      "item": "mysticalagriculture:water_seeds"
    },
    "H": {
      "item": "mysticalagriculture:water_agglomeratio"
    },
    "I": {
      "item": "mekanism:electric_pump"
    },
    "J": {
      "item": "minecraft:water_bucket"
    },
    "K": {
      "item": "botania:rune_water"
    },
    "L": {
      "item": "mekanism:creative_fluid_tank"
    }
  },
  "result": {
    "item": "bigreactors:reinforced_reactorcreativewatergenerator"
  }
}