{
  "type": "mysticalagriculture:infusion",
  "input": {
    "item": "minecraft:oak_sapling"
  },
  "ingredients": [
    {
      "tag": "forge:dyes/red"
    },
    {
      "tag": "forge:dyes/red"
    },
    {
      "tag": "forge:dyes/red"
    },
    {
      "tag": "forge:dyes/red"
    },
    {
      "tag": "forge:dyes/red"
    },
    {
      "tag": "forge:dyes/red"
    },
    {
      "tag": "forge:dyes/red"
    },
    {
      "tag": "forge:dyes/red"
    }
  ],
  "result": {
    "item": "quark:red_blossom_sapling"
  }
}