{
  "bookshelf:load_conditions": [
    {
      "type": "bookshelf:item_exists",
      "values": "mysticalagradditions:insanium_farmland"
    }
  ],
  "type": "botanypots:soil",
  "input": {
    "item": "mysticalagradditions:insanium_farmland"
  },
  "display": {
    "block": "mysticalagradditions:insanium_farmland"
  },
  "categories": [
    "dirt",
    "farmland",
    "inferium",
    "prudentium",
    "tertium",
    "imperium",
    "supremium",
    "insanium"
  ],
  "growthModifier": 2.75
}