{
  "type": "avaritia:extreme_shapeless",
  "result": {
    "item": "avaritia:infinity_catalyst"
  },
  "ingredients": [
    {
      "item": "avaritia:diamond_lattice"
    },
    {
      "item": "avaritia:crystal_matrix_ingot"
    },
    {
      "item": "avaritia:neutron_pile"
    },
    {
      "item": "avaritia:neutron_nugget"
    },
    {
      "item": "avaritia:neutronium_ingot"
    },
    {
      "item": "avaritia:record_fragment"
    },
    {
      "item": "avaritia:iron_singularity"
    },
    {
      "item": "avaritia:lapis_singularity"
    },
    {
      "item": "avaritia:redstone_singularity"
    },
    {
      "item": "avaritia:quartz_singularity"
    },
    {
      "item": "avaritia:diamond_singularity"
    },
    {
      "item": "avaritia:emerald_singularity"
    },
    {
      "item": "avaritia:amethyst_singularity"
    },
    {
      "item": "avaritia:netherite_singularity"
    },
    {
      "item": "avaritia:copper_singularity"
    },
    {
      "item": "avaritia:tin_singularity"
    },
    {
      "item": "avaritia:lead_singularity"
    },
    {
      "tag": "forge:storage_blocks/steel"
    },
    {
      "tag": "forge:storage_blocks/pig_iron"
    },
    {
      "tag": "forge:storage_blocks/queens_slime"
    },
    {
      "tag": "forge:storage_blocks/manyullyn"
    },
    {
      "item": "powah:nitro_crystal_block"
    },
    {
      "item": "mysticalagradditions:insanium_block"
    },
    {
      "item": "mysticalagriculture:supremium_ingot_block"
    }
  ]
}