{
	"type": "bonsaitrees3:sapling",
	"conditions": [
		{
			"type": "forge:mod_loaded",
			"modid": "quark"
		}
	],
	"sapling": {
		"item": "quark:lavender_blossom_sapling"
	},
	"drops": [
		{
			"rolls": 1,
			"chance": 0.05,
			"result": {
				"item": "quark:lavender_blossom_sapling"
			}
		},
		{
			"rolls": 1,
			"chance": 0.75,
			"result": {
				"item": "quark:blossom_log"
			}
		},
		{
			"rolls": 3,
			"chance": 0.2,
			"result": {
				"item": "minecraft:stick"
			}
		},
		{
			"rolls": 2,
			"chance": 0.15,
			"result": {
				"item": "quark:lavender_blossom_leaves"
			},
			"requiresSilkTouch": true
		}
	],
	"compatibleSoilTags": [
		"dirt",
		"grass"
	]
}