{
  "type": "create:splashing",
  "ingredients": [
    {
      "item": "create:limestone"
    }
  ],
  "results": [
    {
      "item": "minecraft:dead_brain_coral",
      "chance": 0.05
    },
    {
      "item": "minecraft:dead_bubble_coral",
      "chance": 0.05
    },
    {
      "item": "minecraft:dead_fire_coral",
      "chance": 0.05
    },
    {
      "item": "minecraft:dead_horn_coral",
      "chance": 0.05
    },
    {
      "item": "minecraft:dead_tube_coral",
      "chance": 0.05
    },
    {
      "item": "minecraft:dead_brain_coral_fan",
      "chance": 0.05
    },
    {
      "item": "minecraft:dead_bubble_coral_fan",
      "chance": 0.05
    },
    {
      "item": "minecraft:dead_fire_coral_fan",
      "chance": 0.05
    },
    {
      "item": "minecraft:dead_horn_coral_fan",
      "chance": 0.05
    },
    {
      "item": "minecraft:dead_tube_coral_fan",
      "chance": 0.05
    }
  ]
}