{
    "type": "exnihilosequentia:sieve",
    "input": {
        "item": "minecraft:gravel"
    },
    "result": {
        "item": "minecraft:amethyst_shard"
    },
    "rolls": [
        
        {
            "chance": 0.008,
            "mesh": "iron"
        },
        {
            "chance": 0.028,
            "mesh": "diamond"
        },
        {
            "chance": 0.05,
            "mesh": "emerald"
        },
        {
            "chance": 0.08,
            "mesh": "netherite"
        }
    ],
    "waterlogged": true
}