{
  "type": "exnihilosequentia:sieve",
  "input": {
    "item": "minecraft:soul_sand"
  },
  "result": {
    "item": "minecraft:nether_wart"
  },
  "rolls": [
    {
      "chance": 0.1,
      "mesh": "string"
    },
    {
      "chance": 0.12,
      "mesh": "flint"
    },
    {
      "chance": 0.15,
      "mesh": "iron"
    },
    {
      "chance": 0.18,
      "mesh": "diamond"
    },
    {
      "chance": 0.22,
      "mesh": "emerald"
    },
    {
      "chance": 0.27,
      "mesh": "netherite"
    }
  ]
}