{
    "type": "exnihilosequentia:sieve",
    "input": {
        "item": "minecraft:gravel"
    },
    "result": {
        "item": "exnihilosequentia:zinc_pieces"
    },
    "rolls": [
        {
            "chance": 0.04,
            "mesh": "flint"
        },
        {
            "chance": 0.07,
            "mesh": "iron"
        },
        {
            "chance": 0.1,
            "mesh": "diamond"
        },
        {
            "chance": 0.12,
            "mesh": "emerald"
        },
        {
            "chance": 0.15,
            "mesh": "netherite"
        }
    ]
}