{
  "type": "exnihilosequentia:sieve",
  "input": {
    "tag": "minecraft:leaves"
  },
  "result": {
    "item": "exnihilosequentia:silkworm"
  },
  "rolls": [
    {
      "chance": 0.025,
      "mesh": "string"
    },
    {
      "chance": 0.05,
      "mesh": "flint"
    },
    {
      "chance": 0.1,
      "mesh": "iron"
    },
    {
      "chance": 0.2,
      "mesh": "diamond"
    },
    {
      "chance": 0.25,
      "mesh": "emerald"
    },
    {
      "chance": 0.3,
      "mesh": "netherite"
    }
  ]
}