{
    "type": "exnihilosequentia:sieve",
    "input": {
        "item": "minecraft:sand"
    },
    "result": {
        "item": "minecraft:gold_nugget"
    },
    "rolls": [
        {
            "chance": 0.02,
            "mesh": "string"
        },
        {
            "chance": 0.05,
            "mesh": "flint"
        },
        {
            "chance": 0.07,
            "mesh": "iron"
        },
        {
            "chance": 0.09,
            "mesh": "diamond"
        },
        {
            "chance": 0.15,
            "mesh": "emerald"
        },
        {
            "chance": 0.25,
            "mesh": "netherite"
        }
    ],
    "waterlogged": true 
}