{
  "bookshelf:load_conditions": [
    {
      "type": "bookshelf:item_exists",
      "values": [
        "quark:ancient_sapling"
      ]
    }
  ],
  "type": "botanypots:crop",
  "seed": {
    "item": "quark:ancient_sapling"
  },
  "categories": [
    "dirt"
  ],
  "growthTicks": 2400,
  "display": {
    "block": "quark:ancient_sapling"
  },
  "drops": [
    {
      "chance": 1.00,
      "output": {
        "item": "quark:ancient_log"
      },
      "minRolls": 2,
      "maxRolls": 4
    },
    {
      "chance": 0.1,
      "output": {
        "item": "minecraft:stick"
      },
      "minRolls": 1,
      "maxRolls": 2
    },
    {
      "chance": 0.25,
      "output": {
        "item": "quark:ancient_fruit"
      }
    },
    {
      "chance": 0.15,
      "output": {
        "item": "quark:ancient_sapling"
      }
    }  ]
}