{
  "type": "extendedcrafting:shaped_table",
  "pattern": [
    "A   B   A",
    " CDEFEDC ",
    " GHIJIHG ",
    " KLMNMLK ",
    "BFJNONJFB",
    " KLMNMLK ",
    " GHIJIHG ",
    " CDEFEDC ",
    "A   B   A"
  ],
  "key": {
    "A": {
      "item": "avaritia:crystal_matrix_ingot"
    },
    "B": {
      "item": "avaritia:diamond_lattice"
    },
    "C": {
      "item": "avaritia:crystal_matrix"
    },
    "D": {
      "item": "avaritia:pileof_neutrons"
    },
    "E": {
      "item": "avaritia:record_fragment"
    },
    "F": {
      "item": "mekanism:block_steel"
    },
    "G": {
      "item": "avaritia:neutronium_nugget"
    },
    "H": {
      "item": "silentgear:azure_electrum_block"
    },
    "I": {
      "item": "silentgear:crimson_steel_block"
    },
    "J": {
      "item": "powah:nitro_crystal_block"
    },
    "K": {
      "item": "avaritia:neutronium_ingot"
    },
    "L": {
      "item": "silentgear:tyrian_steel_block"
    },
    "M": {
      "item": "mysticalagradditions:insanium_block"
    },
    "N": {
      "item": "mysticalagriculture:awakened_supremium_ingot_block"
    },
    "O": {
      "item": "extendedcrafting:ultimate_singularity"
    }
  },
  "result": {
    "item": "avaritia:infinity_catalyst"
  }
}