{
  "type": "crafting_shaped",
  "conditions": [
    {
      "type": "cucumber:enabled",
      "item": "extendedcrafting:basic_table"
    }
  ],
  "pattern": [
    "BAB",
    "CIC",
    "BSB"
  ],
  "key": {
    "I": {
      "tag": "forge:storage_blocks/iron"
    },
    "C": {
      "item": "avaritia:double_compressed_crafting_table"
    },
    "B": {
      "item": "extendedcrafting:basic_component"
    },
    "S": {
      "item": "extendedcrafting:black_iron_slate"
    },
    "A": {
      "item": "extendedcrafting:basic_catalyst"
    }
  },
  "result": {
    "item": "extendedcrafting:basic_table"
  }
}