{
  "type": "exnihilosequentia:sieve",
  "input": {
    "item": "minecraft:dirt"
  },
  "result": {
    "item": "exnihilosequentia:stone_pebble"
  },
  "rolls": [
    {
      "chance": 1.0,
      "mesh": "string"
    },
    {
      "chance": 1.0,
      "mesh": "string"
    },
    {
      "chance": 0.5,
      "mesh": "string"
    },
    {
      "chance": 0.5,
      "mesh": "string"
    },
    {
      "chance": 0.1,
      "mesh": "string"
    },
    {
      "chance": 0.1,
      "mesh": "string"
    }
  ]
}