{
  "type": "exnihilosequentia:sieve",
  "input": {
    "item": "exnihilosequentia:crushed_netherrack"
  },
  "result": {
    "item": "exnihilosequentia:crimson_nylium_spores"
  },
  "rolls": [
    {
      "chance": 0.05,
      "mesh": "string"
    },
    {
      "chance": 0.05,
      "mesh": "flint"
    },
    {
      "chance": 0.05,
      "mesh": "iron"
    },
    {
      "chance": 0.05,
      "mesh": "diamond"
    },
    {
      "chance": 0.05,
      "mesh": "emerald"
    },
    {
      "chance": 0.05,
      "mesh": "netherite"
    }
  ]
}