{
    "type": "exnihilosequentia:sieve",
    "input": {
        "item": "exnihilosequentia:crushed_netherrack"
    },
    "result": {
        "item": "exnihilosequentia:gold_pieces"
    },
    "rolls": [
        {
            "chance": 0.25,
            "mesh": "flint"
        },
        {
            "chance": 0.25,
            "mesh": "iron"
        },
        {
            "chance": 0.4,
            "mesh": "diamond"
        },
        {
            "chance": 0.5,
            "mesh": "emerald"
        },
        {
            "chance": 0.7,
            "mesh": "netherite"
        }
    ]
}