{
    "type": "exnihilosequentia:sieve",
    "input": {
        "item": "exnihilosequentia:dust"
    },
    "result": {
        "item": "minecraft:redstone"
    },
    "rolls": [
        {
            "chance": 0.125,
            "mesh": "iron"
        },
        {
            "chance": 0.25,
            "mesh": "diamond"
        },
        {
            "chance": 0.30,
            "mesh": "emerald"
        },
        {
            "chance": 0.4,
            "mesh": "netherite"
        }
    ]
}