{
    "type": "exnihilosequentia:sieve",
    "input": {
        "item": "minecraft:gravel"
    },
    "result": {
        "item": "quark:violet_corundum_cluster"
    },
    "rolls": [
        {
            "chance": 0.02,
            "mesh": "iron"
        },
        {
            "chance": 0.03,
            "mesh": "diamond"
        },
        {
            "chance": 0.05,
            "mesh": "emerald"
        },
        {
            "chance": 0.07,
            "mesh": "netherite"
        }
    ]
}