{
  "type": "extendedcrafting:shapeless_table",
  "result": {
    "item": "avaritia:cosmic_meatballs",
    "count": 2
  },
  "ingredients": [
    {
      "item": "minecraft:cod"
    },
    {
      "item": "minecraft:cod"
    },
    {
      "item": "minecraft:porkchop"
    },
    {
      "item": "minecraft:porkchop"
    },
    {
      "item": "minecraft:rabbit"
    },
    {
      "item": "minecraft:rabbit"
    },
    {
      "item": "minecraft:salmon"
    },
    {
      "item": "minecraft:salmon"
    },
    {
      "item": "minecraft:chicken"
    },
    {
      "item": "minecraft:chicken"
    },
    {
      "item": "minecraft:beef"
    },
    {
      "item": "minecraft:beef"
    },
    {
      "item": "minecraft:mutton"
    },
    {
      "item": "minecraft:mutton"
    },
    {
      "item": "avaritia:pileof_neutrons"
    }
  ]
}