{
  "type": "extendedcrafting:shaped_table",
  "result": {
    "item": "avaritia:endest_pearl"
  },
  "pattern": [
    "   EEE   ",
    " EEPPPEE ",
    " EPPPPPE ",
    "EPPPNPPPE",
    "EPPNSNPPE",
    "EPPPNPPPE",
    " EPPPPPE ",
    " EEPPPEE ",
    "   EEE   "
  ],
  "key": {
    "N": {
      "item": "avaritia:neutronium_ingot"
    },
    "E": {
      "tag": "forge:end_stones"
    },
    "S": {
      "tag": "forge:nether_stars"
    },
    "P": {
      "tag": "forge:ender_pearls"
    }
  }
}