{
  "type": "extendedcrafting:shapeless_table",
  "result": {
    "item": "avaritia:ultimate_stew",
    "count": 4
  },
  "ingredients": [
    {
      "tag": "forge:crops/wheat"
    },
    {
      "tag": "forge:crops/wheat"
    },
    {
      "tag": "forge:crops/carrot"
    },
    {
      "tag": "forge:crops/carrot"
    },
    {
      "tag": "forge:crops/potato"
    },
    {
      "tag": "forge:crops/potato"
    },
    {
      "tag": "forge:crops/beetroot"
    },
    {
      "tag": "forge:crops/beetroot"
    },
    {
      "item": "minecraft:apple"
    },
    {
      "item": "minecraft:apple"
    },
    {
      "item": "minecraft:melon"
    },
    {
      "item": "minecraft:melon"
    },
    {
      "item": "minecraft:pumpkin"
    },
    {
      "item": "minecraft:pumpkin"
    },
    {
      "item": "minecraft:cactus"
    },
    {
      "item": "minecraft:cactus"
    },
    {
      "item": "minecraft:red_mushroom"
    },
    {
      "item": "minecraft:red_mushroom"
    },
    {
      "item": "minecraft:brown_mushroom"
    },
    {
      "item": "minecraft:brown_mushroom"
    },
    {
      "item": "avaritia:pileof_neutrons"
    }
  ]
}