{
  "type": "extendedcrafting:shaped_table",
  "result": {
    "item": "avaritia:swordofthe_cosmos"
  },
  "pattern": [
    "       II",
    "      III",
    "     III ",
    "    III  ",
    " C III   ",
    "  CII    ",
    "  NC     ",
    " N  C    ",
    "X        "
  ],
  "key": {
    "N": {
      "item": "avaritia:neutronium_ingot"
    },
    "I": {
      "item": "avaritia:infinity_ingot"
    },
    "C": {
      "item": "avaritia:crystal_matrix_ingot"
    },
    "X": {
      "item": "avaritia:infinity_catalyst"
    }
  }
}