{
  "type": "extendedcrafting:shaped_table",
  "pattern": [
    "ABBBBBBBA",
    "BCDEEEDCB",
    "BDFEGEFDB",
    "BEEHIHEEB",
    "BEGIJIGEB",
    "BEEHIHEEB",
    "BDFEGEFDB",
    "BCDEEEDCB",
    "ABBBBBBBA"
  ],
  "key": {
    "A": {
      "item": "mysticalagradditions:creative_essence"
    },
    "B": {
      "item": "cyclic:gem_obsidian"
    },
    "C": {
      "item": "silentgear:starmetal_dust"
    },
    "D": {
      "item": "extendedcrafting:flux_star"
    },
    "E": {
      "item": "mekanism:block_refined_obsidian"
    },
    "F": {
      "item": "cyclic:generator_item"
    },
    "G": {
      "item": "mekanism:pellet_antimatter"
    },
    "H": {
      "item": "quark:diamond_heart"
    },
    "I": {
      "item": "extendedcrafting:ultimate_singularity"
    },
    "J": {
      "item": "rftoolspower:dimensionalcell_creative"
    }
  },
  "result": {
    "item": "cyclic:battery_infinite"
  }
}