{
  "type": "extendedcrafting:shaped_table",
  "pattern": [
    "ABACCCABA",
    "BDEDEDEDB",
    "AEFGHGFEA",
    "CDGGIGGDC",
    "CEHJIJHEC",
    "CDGGIGGDC",
    "AEFGHGFEA",
    "BDEDEDEDB",
    "ABACCCABA"
  ],
  "key": {
    "A": {
      "item": "bigreactors:reinforced_turbinecasing"
    },
    "B": {
      "item": "minecraft:red_dye"
    },
    "C": {
      "item": "mysticalagradditions:creative_essence"
    },
    "D": {
      "item": "mysticalagriculture:water_essence"
    },
    "E": {
      "item": "mysticalagriculture:air_essence"
    },
    "F": {
      "item": "mekanism:pressure_disperser"
    },
    "G": {
      "item": "mekanism:ultimate_pressurized_tube"
    },
    "H": {
      "item": "bigreactors:steam_bucket"
    },
    "I": {
      "item": "cyclic:magma_bucket"
    },
    "J": {
      "item": "bigreactors:reinforced_reactorcreativewatergenerator"
    }
  },
  "result": {
    "item": "bigreactors:reinforced_turbinecreativesteamgenerator"
  }
}